<?xml version="1.0" encoding="utf-8"?>
<!DOCTYPE urlrewrite PUBLIC "-//tuckey.org//DTD UrlRewrite 3.2//EN"
        "http://tuckey.org/res/dtds/urlrewrite3.2.dtd">
<urlrewrite decode-using="UTF-8">
	<rule>
		<from>^(.*)/(space|network)-(.+)\.html</from>
		<to>/$2.jsp?rewrite=$3</to>
	</rule>
	<rule>
		<from>^(.*)/(space|network)\.html</from>
		<to>/$2.jsp</to>
	</rule>
	<outbound-rule>
		<note>
			The outbound-rule specifies that when response.encodeURL is called (if you are using JSTL c:url)
			the url /rewrite-status will be rewritten to /test/status/. The above rule and this outbound-rule
			means that end users should never see the url /rewrite-status only /test/status/ both in thier
			location bar and in hyperlinks in your pages.
		</note>
		<from>/rewrite-status</from>
		<to>/test/status/</to>
	</outbound-rule>
</urlrewrite>